,State,year,injuries,Hospitalized,Amputation,public,private,ratio,total,RTW,prez_red,Arm,BODY SYSTEMS,Back,Core,Foot,Groin,Hand,Head,Leg,Multiple,Nonclassifiable,Organ,Upper and lower limb(s),Whole body
0,ALABAMA,2015,305.0,235.0,108.0,3569.0,2904.0,0.813673297842533,6473.0,True,Republican,18.0,16.0,6.0,15.0,24.0,1.0,129.0,14.0,29.0,16.0,20.0,13.0,4.0,0.0
1,ALABAMA,2016,324.0,256.0,100.0,3392.0,3090.0,0.9109669811320755,6482.0,True,Republican,27.0,25.0,3.0,13.0,22.0,0.0,131.0,16.0,36.0,32.0,4.0,14.0,1.0,0.0
2,ALABAMA,2017,302.0,243.0,88.0,2874.0,3156.0,1.0981210855949897,6030.0,True,Republican,18.0,13.0,4.0,15.0,19.0,1.0,124.0,12.0,48.0,27.0,4.0,12.0,5.0,0.0
3,ALABAMA,2018,393.0,333.0,112.0,3360.0,4165.0,1.2395833333333333,7525.0,True,Republican,25.0,20.0,4.0,17.0,29.0,2.0,150.0,17.0,51.0,39.0,14.0,22.0,3.0,0.0
4,ALABAMA,2019,362.0,296.0,112.0,3723.0,6030.0,1.6196615632554392,9753.0,True,Republican,24.0,23.0,8.0,16.0,28.0,5.0,137.0,20.0,39.0,35.0,11.0,13.0,3.0,0.0
5,ALABAMA,2020,229.0,194.0,71.0,0.0,0.0,0.0,0.0,True,Republican,15.0,13.0,1.0,8.0,10.0,0.0,95.0,16.0,24.0,26.0,6.0,11.0,4.0,0.0
6,ALASKA,2015,1.0,1.0,0.0,3263.0,475.0,0.1455715599141894,3738.0,False,Republican,0.0,0.0,0.0,0.0,1.0,0.0,0.0,0.0,0.0,0.0,0.0,0.0,0.0,0.0
7,ALASKA,2016,4.0,3.0,1.0,2618.0,224.0,0.0855614973262032,2842.0,False,Republican,0.0,1.0,0.0,1.0,1.0,0.0,0.0,0.0,0.0,0.0,1.0,0.0,0.0,0.0
8,ALASKA,2017,2.0,2.0,0.0,1586.0,236.0,0.14880201765447668,1822.0,False,Republican,0.0,0.0,0.0,0.0,0.0,0.0,0.0,2.0,0.0,0.0,0.0,0.0,0.0,0.0
9,ALASKA,2018,7.0,7.0,2.0,1352.0,352.0,0.2603550295857988,1704.0,False,Republican,1.0,0.0,0.0,0.0,0.0,0.0,1.0,3.0,0.0,2.0,0.0,0.0,0.0,0.0
10,ALASKA,2019,6.0,6.0,1.0,1384.0,449.0,0.32442196531791906,1833.0,False,Republican,0.0,2.0,1.0,0.0,0.0,0.0,2.0,0.0,1.0,0.0,0.0,0.0,0.0,0.0
11,ALASKA,2020,6.0,4.0,2.0,0.0,0.0,0.0,0.0,False,Republican,0.0,1.0,0.0,0.0,1.0,0.0,2.0,0.0,1.0,1.0,0.0,0.0,0.0,0.0
12,ARIZONA,2015,9.0,7.0,2.0,2817.0,3498.0,1.2417465388711395,6315.0,True,Democrat,0.0,1.0,0.0,0.0,1.0,0.0,3.0,2.0,1.0,1.0,0.0,0.0,0.0,0.0
13,ARIZONA,2016,13.0,12.0,1.0,2824.0,4006.0,1.4185552407932012,6830.0,True,Democrat,2.0,1.0,0.0,2.0,0.0,0.0,3.0,0.0,0.0,2.0,0.0,3.0,0.0,0.0
14,ARIZONA,2017,18.0,17.0,3.0,4253.0,3944.0,0.9273454032447684,8197.0,True,Democrat,0.0,5.0,2.0,1.0,1.0,0.0,4.0,1.0,2.0,1.0,0.0,1.0,0.0,0.0
15,ARIZONA,2018,18.0,17.0,4.0,4169.0,5685.0,1.3636363636363635,9854.0,True,Democrat,3.0,1.0,0.0,2.0,1.0,0.0,4.0,1.0,3.0,1.0,2.0,0.0,0.0,0.0
16,ARIZONA,2019,18.0,16.0,3.0,4390.0,8024.0,1.8277904328018224,12414.0,True,Democrat,2.0,4.0,0.0,1.0,0.0,0.0,7.0,0.0,1.0,0.0,0.0,2.0,1.0,0.0
17,ARIZONA,2020,8.0,7.0,2.0,0.0,0.0,0.0,0.0,True,Democrat,1.0,2.0,0.0,0.0,2.0,0.0,3.0,0.0,0.0,0.0,0.0,0.0,0.0,0.0
18,ARKANSAS,2015,248.0,175.0,92.0,1976.0,2654.0,1.3431174089068827,4630.0,True,Republican,10.0,15.0,3.0,11.0,17.0,4.0,111.0,16.0,23.0,13.0,18.0,7.0,0.0,0.0
19,ARKANSAS,2016,234.0,190.0,75.0,2816.0,2319.0,0.8235085227272727,5135.0,True,Republican,12.0,23.0,2.0,5.0,12.0,0.0,93.0,11.0,39.0,23.0,4.0,9.0,1.0,0.0
20,ARKANSAS,2017,199.0,162.0,65.0,2586.0,2155.0,0.8333333333333334,4741.0,True,Republican,17.0,12.0,4.0,5.0,11.0,3.0,81.0,13.0,23.0,22.0,3.0,5.0,0.0,0.0
21,ARKANSAS,2018,234.0,167.0,80.0,3491.0,2257.0,0.6465196218848468,5748.0,True,Republican,17.0,21.0,3.0,11.0,15.0,1.0,98.0,10.0,25.0,16.0,4.0,11.0,2.0,0.0
22,ARKANSAS,2019,236.0,159.0,86.0,2233.0,2754.0,1.2333184057321989,4987.0,True,Republican,25.0,14.0,1.0,8.0,16.0,2.0,95.0,15.0,24.0,22.0,4.0,9.0,1.0,0.0
23,ARKANSAS,2020,136.0,91.0,49.0,0.0,0.0,0.0,0.0,True,Republican,9.0,2.0,1.0,8.0,6.0,1.0,57.0,10.0,17.0,13.0,2.0,10.0,0.0,0.0
24,CALIFORNIA,2015,52.0,49.0,9.0,32749.0,19908.0,0.6078964243182998,52657.0,False,Democrat,4.0,2.0,2.0,5.0,4.0,1.0,12.0,1.0,5.0,4.0,5.0,6.0,1.0,0.0
25,CALIFORNIA,2016,51.0,46.0,9.0,30438.0,26305.0,0.8642157829029503,56743.0,False,Democrat,12.0,3.0,1.0,4.0,1.0,0.0,13.0,5.0,4.0,3.0,3.0,0.0,2.0,0.0
26,CALIFORNIA,2017,54.0,51.0,7.0,32872.0,30230.0,0.9196276466293503,63102.0,False,Democrat,0.0,4.0,1.0,3.0,4.0,1.0,15.0,8.0,2.0,9.0,5.0,2.0,0.0,0.0
27,CALIFORNIA,2018,60.0,57.0,9.0,37287.0,30416.0,0.815726660766487,67703.0,False,Democrat,10.0,6.0,5.0,1.0,4.0,0.0,9.0,6.0,8.0,2.0,3.0,5.0,1.0,0.0
28,CALIFORNIA,2019,53.0,49.0,8.0,39565.0,24786.0,0.6264627827625426,64351.0,False,Democrat,9.0,4.0,1.0,2.0,3.0,0.0,11.0,4.0,11.0,3.0,1.0,4.0,0.0,0.0
29,CALIFORNIA,2020,38.0,37.0,4.0,0.0,0.0,0.0,0.0,False,Democrat,6.0,1.0,0.0,3.0,3.0,0.0,5.0,2.0,7.0,5.0,3.0,3.0,0.0,0.0
30,COLORADO,2015,294.0,245.0,81.0,4717.0,5821.0,1.2340470638117447,10538.0,False,Democrat,19.0,5.0,4.0,15.0,16.0,3.0,93.0,21.0,44.0,29.0,22.0,17.0,5.0,1.0
31,COLORADO,2016,302.0,257.0,72.0,5323.0,7040.0,1.3225624647755025,12363.0,False,Democrat,21.0,12.0,7.0,15.0,20.0,6.0,93.0,20.0,32.0,34.0,9.0,28.0,5.0,0.0
32,COLORADO,2017,343.0,299.0,80.0,7190.0,7424.0,1.0325452016689847,14614.0,False,Democrat,24.0,8.0,8.0,21.0,27.0,4.0,99.0,24.0,44.0,39.0,19.0,22.0,3.0,1.0
33,COLORADO,2018,383.0,337.0,74.0,6807.0,6555.0,0.9629792860290877,13362.0,False,Democrat,26.0,13.0,12.0,30.0,21.0,7.0,98.0,28.0,51.0,42.0,18.0,34.0,3.0,0.0
34,COLORADO,2019,362.0,319.0,73.0,5377.0,5690.0,1.058210898270411,11067.0,False,Democrat,18.0,12.0,6.0,30.0,30.0,3.0,98.0,29.0,61.0,26.0,12.0,32.0,5.0,0.0
35,COLORADO,2020,242.0,200.0,58.0,0.0,0.0,0.0,0.0,False,Democrat,15.0,6.0,4.0,10.0,20.0,8.0,71.0,22.0,30.0,31.0,9.0,13.0,3.0,0.0
36,CONNECTICUT,2015,90.0,79.0,19.0,3304.0,1920.0,0.5811138014527845,5224.0,False,Democrat,4.0,7.0,2.0,6.0,4.0,1.0,22.0,9.0,12.0,5.0,14.0,4.0,0.0,0.0
37,CONNECTICUT,2016,98.0,76.0,33.0,3242.0,1933.0,0.5962368908081431,5175.0,False,Democrat,4.0,4.0,3.0,5.0,6.0,0.0,43.0,4.0,12.0,7.0,5.0,5.0,0.0,0.0
38,CONNECTICUT,2017,125.0,100.0,35.0,2398.0,2011.0,0.8386155129274395,4409.0,False,Democrat,4.0,5.0,7.0,7.0,14.0,1.0,41.0,12.0,16.0,4.0,5.0,7.0,2.0,0.0
39,CONNECTICUT,2018,118.0,100.0,28.0,2695.0,2325.0,0.862708719851577,5020.0,False,Democrat,7.0,5.0,5.0,6.0,11.0,2.0,32.0,12.0,16.0,10.0,2.0,10.0,0.0,0.0
40,CONNECTICUT,2019,130.0,109.0,28.0,2822.0,2274.0,0.8058114812189936,5096.0,False,Democrat,9.0,2.0,5.0,12.0,10.0,2.0,33.0,10.0,19.0,8.0,5.0,13.0,2.0,0.0
41,CONNECTICUT,2020,75.0,67.0,16.0,0.0,0.0,0.0,0.0,False,Democrat,0.0,5.0,4.0,5.0,10.0,0.0,24.0,6.0,7.0,4.0,3.0,7.0,0.0,0.0
42,DELAWARE,2015,40.0,36.0,8.0,748.0,478.0,0.6390374331550802,1226.0,False,Democrat,3.0,0.0,2.0,3.0,3.0,0.0,12.0,3.0,6.0,3.0,2.0,1.0,2.0,0.0
43,DELAWARE,2016,44.0,34.0,19.0,801.0,667.0,0.83270911360799,1468.0,False,Democrat,3.0,1.0,3.0,2.0,0.0,1.0,21.0,0.0,4.0,5.0,0.0,3.0,1.0,0.0
44,DELAWARE,2017,42.0,31.0,16.0,899.0,1034.0,1.150166852057842,1933.0,False,Democrat,1.0,1.0,1.0,0.0,0.0,1.0,17.0,6.0,8.0,3.0,0.0,3.0,0.0,1.0
45,DELAWARE,2018,40.0,33.0,8.0,1067.0,1206.0,1.1302717900656045,2273.0,False,Democrat,3.0,6.0,1.0,1.0,3.0,1.0,14.0,1.0,4.0,4.0,0.0,2.0,0.0,0.0
46,DELAWARE,2019,43.0,35.0,11.0,939.0,1444.0,1.5378061767838125,2383.0,False,Democrat,4.0,2.0,1.0,2.0,2.0,0.0,14.0,3.0,7.0,3.0,1.0,4.0,0.0,0.0
47,DELAWARE,2020,47.0,44.0,9.0,0.0,0.0,0.0,0.0,False,Democrat,2.0,0.0,3.0,4.0,6.0,0.0,11.0,3.0,11.0,4.0,2.0,1.0,0.0,0.0
48,DISTRICT OF COLUMBIA,2015,27.0,22.0,7.0,1348.0,1699.0,1.260385756676558,3047.0,False,Democrat,1.0,4.0,0.0,2.0,0.0,0.0,9.0,2.0,2.0,1.0,4.0,1.0,1.0,0.0
49,DISTRICT OF COLUMBIA,2016,36.0,33.0,5.0,1124.0,2402.0,2.1370106761565837,3526.0,False,Democrat,4.0,4.0,0.0,2.0,5.0,0.0,6.0,0.0,6.0,2.0,3.0,2.0,2.0,0.0
50,DISTRICT OF COLUMBIA,2017,46.0,42.0,7.0,1354.0,2661.0,1.965288035450517,4015.0,False,Democrat,2.0,2.0,0.0,1.0,1.0,0.0,11.0,10.0,10.0,6.0,1.0,0.0,2.0,0.0
51,DISTRICT OF COLUMBIA,2018,34.0,29.0,8.0,1807.0,2621.0,1.450470392916436,4428.0,False,Democrat,0.0,0.0,3.0,6.0,4.0,0.0,9.0,1.0,6.0,2.0,1.0,1.0,1.0,0.0
52,DISTRICT OF COLUMBIA,2019,32.0,30.0,3.0,1346.0,2173.0,1.6144130757800892,3519.0,False,Democrat,1.0,2.0,1.0,2.0,4.0,0.0,4.0,3.0,9.0,1.0,1.0,3.0,1.0,0.0
53,DISTRICT OF COLUMBIA,2020,19.0,15.0,5.0,0.0,0.0,0.0,0.0,False,Democrat,0.0,0.0,1.0,1.0,3.0,0.0,5.0,3.0,2.0,1.0,1.0,2.0,0.0,0.0
54,FLORIDA,2015,938.0,834.0,167.0,12227.0,12741.0,1.0420381123742537,24968.0,True,Republican,50.0,56.0,42.0,38.0,75.0,11.0,280.0,58.0,106.0,69.0,109.0,34.0,9.0,1.0
55,FLORIDA,2016,1059.0,947.0,182.0,12846.0,14298.0,1.1130312937879496,27144.0,True,Republican,93.0,79.0,32.0,45.0,91.0,12.0,301.0,77.0,118.0,109.0,41.0,51.0,10.0,0.0
56,FLORIDA,2017,1100.0,1000.0,165.0,13446.0,16886.0,1.2558381674847539,30332.0,True,Republican,71.0,87.0,43.0,46.0,100.0,12.0,304.0,83.0,141.0,82.0,52.0,62.0,16.0,1.0
57,FLORIDA,2018,1133.0,1032.0,183.0,13943.0,19746.0,1.41619450620383,33689.0,True,Republican,101.0,65.0,37.0,65.0,98.0,13.0,321.0,80.0,138.0,101.0,40.0,67.0,7.0,0.0
58,FLORIDA,2019,1163.0,1062.0,176.0,14900.0,22984.0,1.5425503355704697,37884.0,True,Republican,77.0,90.0,34.0,75.0,104.0,12.0,296.0,100.0,142.0,98.0,48.0,65.0,22.0,0.0
59,FLORIDA,2020,752.0,689.0,129.0,0.0,0.0,0.0,0.0,True,Republican,62.0,59.0,25.0,37.0,59.0,7.0,210.0,56.0,96.0,62.0,32.0,36.0,11.0,0.0
60,GEORGIA,2015,508.0,379.0,162.0,5607.0,7782.0,1.387907972177635,13389.0,True,Democrat,38.0,28.0,11.0,24.0,38.0,3.0,188.0,24.0,48.0,41.0,45.0,14.0,6.0,0.0
61,GEORGIA,2016,562.0,416.0,202.0,6840.0,8726.0,1.2757309941520467,15566.0,True,Democrat,38.0,23.0,10.0,22.0,43.0,9.0,226.0,27.0,64.0,50.0,19.0,23.0,7.0,1.0
62,GEORGIA,2017,576.0,436.0,175.0,6620.0,9248.0,1.3969788519637463,15868.0,True,Democrat,36.0,16.0,16.0,28.0,51.0,5.0,208.0,45.0,80.0,55.0,9.0,19.0,7.0,1.0
63,GEORGIA,2018,580.0,457.0,167.0,7938.0,9420.0,1.1866969009826154,17358.0,True,Democrat,29.0,25.0,10.0,29.0,49.0,2.0,193.0,38.0,91.0,66.0,21.0,20.0,5.0,2.0
64,GEORGIA,2019,623.0,477.0,200.0,8572.0,10749.0,1.2539664022398507,19321.0,True,Democrat,42.0,29.0,14.0,34.0,48.0,7.0,227.0,45.0,65.0,69.0,9.0,24.0,10.0,0.0
65,GEORGIA,2020,399.0,309.0,113.0,0.0,0.0,0.0,0.0,True,Democrat,30.0,20.0,9.0,22.0,33.0,2.0,131.0,27.0,51.0,31.0,11.0,27.0,5.0,0.0
66,HAWAII,2015,16.0,15.0,4.0,2310.0,1740.0,0.7532467532467533,4050.0,False,Democrat,0.0,1.0,0.0,0.0,1.0,0.0,3.0,4.0,1.0,1.0,4.0,1.0,0.0,0.0
67,HAWAII,2016,4.0,2.0,2.0,2196.0,1737.0,0.7909836065573771,3933.0,False,Democrat,0.0,0.0,1.0,0.0,0.0,0.0,2.0,0.0,0.0,0.0,0.0,1.0,0.0,0.0
68,HAWAII,2017,4.0,2.0,2.0,2390.0,1525.0,0.6380753138075314,3915.0,False,Democrat,1.0,0.0,0.0,0.0,0.0,0.0,2.0,0.0,1.0,0.0,0.0,0.0,0.0,0.0
69,HAWAII,2018,7.0,6.0,1.0,2972.0,1454.0,0.4892328398384926,4426.0,False,Democrat,0.0,1.0,0.0,0.0,0.0,0.0,2.0,1.0,1.0,1.0,1.0,0.0,0.0,0.0
70,HAWAII,2019,12.0,10.0,2.0,3302.0,967.0,0.2928528164748637,4269.0,False,Democrat,2.0,2.0,0.0,0.0,0.0,0.0,3.0,1.0,2.0,1.0,0.0,0.0,1.0,0.0
71,HAWAII,2020,11.0,9.0,3.0,0.0,0.0,0.0,0.0,False,Democrat,0.0,0.0,0.0,1.0,1.0,0.0,4.0,2.0,1.0,1.0,0.0,1.0,0.0,0.0
72,IDAHO,2015,86.0,64.0,33.0,662.0,931.0,1.406344410876133,1593.0,True,Republican,4.0,1.0,1.0,5.0,6.0,1.0,37.0,7.0,11.0,8.0,1.0,3.0,1.0,0.0
73,IDAHO,2016,99.0,76.0,29.0,992.0,1394.0,1.405241935483871,2386.0,True,Republican,3.0,1.0,2.0,8.0,7.0,0.0,35.0,9.0,6.0,17.0,3.0,8.0,0.0,0.0
74,IDAHO,2017,119.0,100.0,27.0,1148.0,1338.0,1.1655052264808363,2486.0,True,Republican,7.0,2.0,4.0,5.0,9.0,1.0,32.0,12.0,19.0,9.0,8.0,8.0,3.0,0.0
75,IDAHO,2018,102.0,79.0,27.0,1262.0,1609.0,1.2749603803486529,2871.0,True,Republican,3.0,4.0,8.0,4.0,5.0,3.0,30.0,3.0,20.0,12.0,5.0,5.0,0.0,0.0
76,IDAHO,2019,109.0,88.0,30.0,1132.0,1501.0,1.3259717314487633,2633.0,True,Republican,2.0,2.0,1.0,5.0,5.0,2.0,36.0,6.0,17.0,17.0,3.0,11.0,2.0,0.0
77,IDAHO,2020,63.0,44.0,22.0,0.0,0.0,0.0,0.0,True,Republican,4.0,1.0,1.0,2.0,4.0,0.0,20.0,4.0,12.0,7.0,3.0,4.0,1.0,0.0
78,ILLINOIS,2015,611.0,485.0,180.0,10828.0,9976.0,0.921315108976727,20804.0,False,Democrat,35.0,27.0,22.0,26.0,47.0,4.0,230.0,40.0,59.0,33.0,64.0,22.0,2.0,0.0
79,ILLINOIS,2016,640.0,519.0,182.0,9893.0,9748.0,0.9853431719397554,19641.0,False,Democrat,44.0,27.0,20.0,36.0,42.0,4.0,237.0,49.0,77.0,41.0,36.0,21.0,6.0,0.0
80,ILLINOIS,2017,628.0,498.0,186.0,9416.0,8799.0,0.9344732370433305,18215.0,False,Democrat,42.0,23.0,25.0,25.0,48.0,7.0,245.0,51.0,54.0,43.0,33.0,27.0,5.0,0.0
81,ILLINOIS,2018,666.0,517.0,202.0,9095.0,8989.0,0.988345244639912,18084.0,False,Democrat,38.0,23.0,15.0,36.0,48.0,2.0,256.0,53.0,84.0,49.0,25.0,31.0,6.0,0.0
82,ILLINOIS,2019,662.0,524.0,196.0,9062.0,7567.0,0.8350253807106599,16629.0,False,Democrat,40.0,17.0,22.0,38.0,57.0,8.0,257.0,44.0,71.0,44.0,18.0,36.0,9.0,1.0
83,ILLINOIS,2020,389.0,318.0,117.0,0.0,0.0,0.0,0.0,False,Democrat,33.0,13.0,14.0,27.0,15.0,1.0,142.0,21.0,53.0,32.0,11.0,23.0,4.0,0.0
84,INDIANA,2015,6.0,2.0,4.0,4785.0,6269.0,1.310135841170324,11054.0,True,Republican,0.0,0.0,0.0,0.0,0.0,0.0,4.0,0.0,1.0,1.0,0.0,0.0,0.0,0.0
85,INDIANA,2016,5.0,4.0,1.0,5625.0,5232.0,0.9301333333333334,10857.0,True,Republican,0.0,0.0,0.0,0.0,1.0,0.0,1.0,0.0,1.0,0.0,1.0,1.0,0.0,0.0
86,INDIANA,2017,6.0,6.0,1.0,4292.0,5824.0,1.3569431500465983,10116.0,True,Republican,2.0,0.0,0.0,0.0,1.0,1.0,2.0,0.0,0.0,0.0,0.0,0.0,0.0,0.0
87,INDIANA,2018,5.0,5.0,0.0,5037.0,5718.0,1.1351995235259082,10755.0,True,Republican,1.0,0.0,0.0,0.0,0.0,0.0,0.0,0.0,2.0,0.0,0.0,1.0,1.0,0.0
88,INDIANA,2019,2.0,2.0,0.0,5671.0,6011.0,1.0599541527067537,11682.0,True,Republican,0.0,0.0,0.0,0.0,0.0,0.0,0.0,0.0,1.0,0.0,0.0,1.0,0.0,0.0
89,INDIANA,2020,1.0,1.0,1.0,0.0,0.0,0.0,0.0,True,Republican,0.0,0.0,0.0,0.0,0.0,0.0,1.0,0.0,0.0,0.0,0.0,0.0,0.0,0.0
90,IOWA,2015,3.0,3.0,0.0,4699.0,7399.0,1.5745903383698658,12098.0,True,Republican,0.0,0.0,1.0,0.0,1.0,0.0,0.0,0.0,1.0,0.0,0.0,0.0,0.0,0.0
91,IOWA,2016,4.0,3.0,1.0,4338.0,6193.0,1.4276164130935916,10531.0,True,Republican,0.0,0.0,0.0,1.0,1.0,0.0,1.0,0.0,1.0,0.0,0.0,0.0,0.0,0.0
92,IOWA,2017,2.0,2.0,0.0,3551.0,5037.0,1.4184736693889046,8588.0,True,Republican,0.0,0.0,0.0,0.0,0.0,0.0,0.0,1.0,1.0,0.0,0.0,0.0,0.0,0.0
93,IOWA,2018,1.0,1.0,0.0,3203.0,5154.0,1.6091164533250077,8357.0,True,Republican,0.0,0.0,0.0,1.0,0.0,0.0,0.0,0.0,0.0,0.0,0.0,0.0,0.0,0.0
94,IOWA,2019,8.0,5.0,3.0,4663.0,3767.0,0.8078490242333262,8430.0,True,Republican,0.0,1.0,0.0,0.0,2.0,0.0,3.0,0.0,0.0,1.0,0.0,0.0,1.0,0.0
95,IOWA,2020,4.0,4.0,0.0,0.0,0.0,0.0,0.0,True,Republican,0.0,0.0,0.0,1.0,2.0,0.0,0.0,0.0,1.0,0.0,0.0,0.0,0.0,0.0
96,KANSAS,2015,215.0,166.0,69.0,2723.0,2580.0,0.9474843922144693,5303.0,True,Republican,19.0,7.0,5.0,8.0,24.0,1.0,81.0,9.0,27.0,11.0,12.0,5.0,5.0,1.0
97,KANSAS,2016,231.0,185.0,64.0,3695.0,3127.0,0.8462787550744248,6822.0,True,Republican,18.0,16.0,4.0,13.0,16.0,3.0,75.0,18.0,23.0,17.0,8.0,15.0,4.0,1.0
98,KANSAS,2017,178.0,137.0,50.0,2324.0,3044.0,1.3098106712564543,5368.0,True,Republican,13.0,7.0,4.0,13.0,16.0,1.0,62.0,8.0,19.0,18.0,6.0,10.0,1.0,0.0
99,KANSAS,2018,207.0,165.0,60.0,2350.0,3442.0,1.4646808510638298,5792.0,True,Republican,15.0,14.0,9.0,10.0,18.0,1.0,70.0,15.0,22.0,16.0,6.0,10.0,1.0,0.0
100,KANSAS,2019,231.0,191.0,64.0,2767.0,2616.0,0.9454282616552223,5383.0,True,Republican,18.0,9.0,6.0,12.0,19.0,2.0,69.0,26.0,29.0,19.0,6.0,15.0,1.0,0.0
101,KANSAS,2020,146.0,119.0,44.0,0.0,0.0,0.0,0.0,True,Republican,10.0,4.0,4.0,13.0,11.0,2.0,47.0,10.0,14.0,17.0,4.0,9.0,1.0,0.0
102,KENTUCKY,2015,10.0,8.0,2.0,4195.0,3744.0,0.8924910607866507,7939.0,True,Republican,0.0,1.0,1.0,0.0,0.0,0.0,4.0,0.0,2.0,1.0,0.0,1.0,0.0,0.0
103,KENTUCKY,2016,16.0,14.0,3.0,3633.0,4101.0,1.128819157720892,7734.0,True,Republican,1.0,0.0,1.0,1.0,0.0,0.0,5.0,1.0,1.0,4.0,0.0,2.0,0.0,0.0
104,KENTUCKY,2017,4.0,4.0,0.0,3595.0,4400.0,1.2239221140472878,7995.0,True,Republican,0.0,0.0,0.0,0.0,1.0,0.0,0.0,1.0,0.0,1.0,0.0,1.0,0.0,0.0
105,KENTUCKY,2018,5.0,5.0,0.0,3673.0,4975.0,1.3544786278246665,8648.0,True,Republican,1.0,1.0,0.0,1.0,0.0,0.0,0.0,0.0,1.0,1.0,0.0,0.0,0.0,0.0
106,KENTUCKY,2019,9.0,8.0,1.0,3251.0,6085.0,1.8717317748385112,9336.0,True,Republican,0.0,4.0,1.0,1.0,0.0,0.0,1.0,0.0,2.0,0.0,0.0,0.0,0.0,0.0
107,KENTUCKY,2020,5.0,4.0,1.0,0.0,0.0,0.0,0.0,True,Republican,0.0,0.0,0.0,0.0,1.0,0.0,2.0,0.0,1.0,0.0,1.0,0.0,0.0,0.0
108,LOUISIANA,2015,267.0,235.0,53.0,5200.0,14874.0,2.8603846153846155,20074.0,True,Republican,9.0,18.0,9.0,8.0,26.0,2.0,80.0,16.0,41.0,23.0,24.0,10.0,0.0,1.0
109,LOUISIANA,2016,242.0,199.0,59.0,3993.0,15254.0,3.820185324317556,19247.0,True,Republican,7.0,21.0,7.0,13.0,16.0,2.0,78.0,18.0,35.0,23.0,11.0,9.0,2.0,0.0
110,LOUISIANA,2017,250.0,232.0,45.0,4265.0,15055.0,3.52989449003517,19320.0,True,Republican,15.0,23.0,7.0,14.0,18.0,2.0,72.0,15.0,33.0,23.0,8.0,17.0,3.0,0.0
111,LOUISIANA,2018,268.0,237.0,65.0,3958.0,13259.0,3.3499242041435067,17217.0,True,Republican,16.0,16.0,7.0,10.0,26.0,3.0,87.0,11.0,39.0,25.0,8.0,13.0,7.0,0.0
112,LOUISIANA,2019,265.0,238.0,64.0,3103.0,10522.0,3.3909120206252013,13625.0,True,Republican,13.0,18.0,8.0,10.0,21.0,2.0,94.0,14.0,35.0,25.0,12.0,11.0,2.0,0.0
113,LOUISIANA,2020,149.0,127.0,27.0,0.0,0.0,0.0,0.0,True,Republican,14.0,12.0,3.0,6.0,15.0,1.0,39.0,10.0,21.0,14.0,3.0,9.0,2.0,0.0
114,MAINE,2015,61.0,46.0,16.0,647.0,667.0,1.0309119010819165,1314.0,False,Democrat,4.0,2.0,3.0,2.0,2.0,1.0,23.0,6.0,5.0,0.0,7.0,5.0,1.0,0.0
115,MAINE,2016,76.0,45.0,34.0,542.0,495.0,0.9132841328413284,1037.0,False,Democrat,4.0,2.0,2.0,7.0,5.0,0.0,36.0,2.0,11.0,4.0,0.0,2.0,1.0,0.0
116,MAINE,2017,92.0,62.0,32.0,416.0,609.0,1.4639423076923077,1025.0,False,Democrat,7.0,5.0,0.0,4.0,4.0,1.0,34.0,5.0,12.0,8.0,4.0,8.0,0.0,0.0
117,MAINE,2018,66.0,52.0,18.0,705.0,605.0,0.8581560283687943,1310.0,False,Democrat,4.0,2.0,1.0,10.0,5.0,0.0,20.0,10.0,5.0,3.0,2.0,3.0,1.0,0.0
118,MAINE,2019,82.0,56.0,29.0,1401.0,838.0,0.5981441827266238,2239.0,False,Democrat,2.0,2.0,1.0,6.0,4.0,4.0,34.0,7.0,4.0,5.0,2.0,10.0,0.0,1.0
119,MAINE,2020,61.0,47.0,18.0,0.0,0.0,0.0,0.0,False,Democrat,2.0,0.0,2.0,4.0,4.0,0.0,20.0,6.0,7.0,6.0,3.0,6.0,1.0,0.0
120,MARYLAND,2015,12.0,13.0,2.0,5696.0,3809.0,0.6687148876404494,9505.0,False,Democrat,1.0,0.0,1.0,0.0,2.0,0.0,3.0,1.0,2.0,0.0,1.0,1.0,0.0,0.0
121,MARYLAND,2016,13.0,11.0,2.0,5764.0,4370.0,0.7581540596807772,10134.0,False,Democrat,0.0,0.0,0.0,0.0,3.0,0.0,2.0,0.0,3.0,4.0,0.0,0.0,1.0,0.0
122,MARYLAND,2017,17.0,16.0,2.0,5451.0,3569.0,0.6547422491286002,9020.0,False,Democrat,0.0,0.0,0.0,2.0,4.0,0.0,3.0,0.0,1.0,2.0,2.0,2.0,1.0,0.0
123,MARYLAND,2018,18.0,17.0,2.0,5023.0,4368.0,0.8695998407326299,9391.0,False,Democrat,2.0,2.0,0.0,2.0,2.0,0.0,2.0,0.0,3.0,2.0,2.0,1.0,0.0,0.0
124,MARYLAND,2019,15.0,10.0,5.0,5653.0,3850.0,0.681054307447373,9503.0,False,Democrat,1.0,2.0,0.0,1.0,1.0,0.0,6.0,1.0,2.0,0.0,0.0,0.0,1.0,0.0
125,MARYLAND,2020,7.0,5.0,2.0,0.0,0.0,0.0,0.0,False,Democrat,0.0,0.0,0.0,1.0,0.0,0.0,2.0,0.0,2.0,1.0,0.0,1.0,0.0,0.0
126,MASSACHUSETTS,2015,236.0,198.0,59.0,7346.0,8032.0,1.093384154641982,15378.0,False,Democrat,13.0,11.0,12.0,16.0,20.0,2.0,70.0,17.0,28.0,11.0,23.0,13.0,0.0,0.0
127,MASSACHUSETTS,2016,240.0,200.0,56.0,6260.0,8868.0,1.4166134185303514,15128.0,False,Democrat,14.0,8.0,11.0,13.0,18.0,2.0,74.0,9.0,32.0,20.0,22.0,15.0,2.0,0.0
128,MASSACHUSETTS,2017,249.0,211.0,54.0,5891.0,11080.0,1.8808351722967238,16971.0,False,Democrat,14.0,10.0,8.0,23.0,21.0,4.0,67.0,14.0,43.0,12.0,20.0,13.0,0.0,0.0
129,MASSACHUSETTS,2018,251.0,205.0,62.0,5985.0,11720.0,1.9582289055973265,17705.0,False,Democrat,15.0,8.0,5.0,14.0,17.0,2.0,83.0,25.0,32.0,16.0,16.0,18.0,0.0,0.0
130,MASSACHUSETTS,2019,233.0,201.0,51.0,6685.0,11111.0,1.66207928197457,17796.0,False,Democrat,16.0,5.0,5.0,21.0,24.0,3.0,63.0,15.0,34.0,12.0,21.0,12.0,2.0,0.0
131,MASSACHUSETTS,2020,146.0,132.0,28.0,0.0,0.0,0.0,0.0,False,Democrat,8.0,9.0,2.0,9.0,17.0,1.0,34.0,11.0,19.0,11.0,10.0,11.0,4.0,0.0
132,MICHIGAN,2015,9.0,7.0,2.0,6038.0,6498.0,1.0761841669426964,12536.0,True,Democrat,0.0,0.0,1.0,1.0,1.0,0.0,1.0,2.0,3.0,0.0,0.0,0.0,0.0,0.0
133,MICHIGAN,2016,9.0,8.0,1.0,5224.0,7188.0,1.3759571209800918,12412.0,True,Democrat,1.0,0.0,0.0,4.0,0.0,0.0,1.0,2.0,0.0,1.0,0.0,0.0,0.0,0.0
134,MICHIGAN,2017,11.0,10.0,1.0,5636.0,7417.0,1.3160042583392477,13053.0,True,Democrat,1.0,0.0,1.0,1.0,1.0,0.0,2.0,0.0,3.0,1.0,0.0,1.0,0.0,0.0
135,MICHIGAN,2018,6.0,3.0,3.0,5291.0,7369.0,1.3927423927423928,12660.0,True,Democrat,0.0,1.0,0.0,0.0,0.0,0.0,2.0,0.0,1.0,1.0,0.0,1.0,0.0,0.0
136,MICHIGAN,2019,7.0,3.0,4.0,5092.0,8349.0,1.639630793401414,13441.0,True,Democrat,0.0,0.0,0.0,0.0,1.0,0.0,4.0,0.0,2.0,0.0,0.0,0.0,0.0,0.0
137,MICHIGAN,2020,3.0,3.0,0.0,0.0,0.0,0.0,0.0,True,Democrat,0.0,0.0,0.0,1.0,1.0,0.0,0.0,0.0,0.0,1.0,0.0,0.0,0.0,0.0
138,MINNESOTA,2015,6.0,6.0,1.0,6806.0,4939.0,0.7256832206876286,11745.0,False,Democrat,0.0,0.0,1.0,0.0,1.0,1.0,1.0,0.0,1.0,0.0,0.0,1.0,0.0,0.0
139,MINNESOTA,2016,11.0,10.0,2.0,7260.0,4564.0,0.6286501377410468,11824.0,False,Democrat,2.0,1.0,1.0,1.0,1.0,0.0,2.0,0.0,2.0,0.0,0.0,1.0,0.0,0.0
140,MINNESOTA,2017,3.0,2.0,1.0,6726.0,4555.0,0.6772227178114778,11281.0,False,Democrat,0.0,0.0,0.0,1.0,0.0,0.0,1.0,0.0,1.0,0.0,0.0,0.0,0.0,0.0
141,MINNESOTA,2018,10.0,8.0,2.0,6477.0,5104.0,0.7880191446657403,11581.0,False,Democrat,1.0,1.0,0.0,1.0,3.0,1.0,2.0,0.0,1.0,0.0,0.0,0.0,0.0,0.0
142,MINNESOTA,2019,8.0,7.0,1.0,8050.0,5521.0,0.6858385093167702,13571.0,False,Democrat,1.0,1.0,0.0,2.0,0.0,0.0,1.0,1.0,1.0,0.0,0.0,1.0,0.0,0.0
143,MINNESOTA,2020,2.0,2.0,0.0,0.0,0.0,0.0,0.0,False,Democrat,0.0,0.0,0.0,0.0,0.0,0.0,0.0,0.0,2.0,0.0,0.0,0.0,0.0,0.0
144,MISSISSIPPI,2015,207.0,153.0,72.0,1509.0,1902.0,1.260437375745527,3411.0,True,Republican,20.0,12.0,3.0,7.0,11.0,1.0,84.0,11.0,27.0,7.0,13.0,9.0,1.0,1.0
145,MISSISSIPPI,2016,207.0,162.0,73.0,2211.0,856.0,0.38715513342379015,3067.0,True,Republican,17.0,11.0,5.0,7.0,19.0,0.0,87.0,10.0,25.0,10.0,2.0,10.0,4.0,0.0
146,MISSISSIPPI,2017,209.0,172.0,65.0,2535.0,683.0,0.26942800788954635,3218.0,True,Republican,15.0,8.0,7.0,16.0,11.0,1.0,94.0,10.0,16.0,19.0,3.0,9.0,0.0,0.0
147,MISSISSIPPI,2018,204.0,175.0,64.0,2234.0,1134.0,0.5076096687555953,3368.0,True,Republican,12.0,12.0,2.0,6.0,13.0,0.0,84.0,10.0,25.0,19.0,8.0,9.0,4.0,0.0
148,MISSISSIPPI,2019,222.0,181.0,60.0,1509.0,1054.0,0.6984758117958914,2563.0,True,Republican,16.0,15.0,4.0,7.0,14.0,3.0,79.0,10.0,35.0,15.0,14.0,9.0,1.0,0.0
149,MISSISSIPPI,2020,113.0,87.0,37.0,0.0,0.0,0.0,0.0,True,Republican,10.0,5.0,1.0,8.0,6.0,1.0,49.0,8.0,15.0,5.0,2.0,3.0,0.0,0.0
150,MISSOURI,2015,299.0,249.0,86.0,3399.0,4083.0,1.2012356575463372,7482.0,False,Republican,23.0,12.0,8.0,14.0,19.0,4.0,97.0,27.0,26.0,26.0,23.0,18.0,0.0,2.0
151,MISSOURI,2016,320.0,252.0,98.0,3780.0,4830.0,1.2777777777777777,8610.0,False,Republican,22.0,30.0,11.0,21.0,19.0,3.0,103.0,20.0,29.0,30.0,10.0,20.0,1.0,1.0
152,MISSOURI,2017,292.0,226.0,91.0,4112.0,5161.0,1.2551070038910506,9273.0,False,Republican,15.0,10.0,6.0,29.0,22.0,4.0,104.0,19.0,29.0,20.0,17.0,14.0,3.0,0.0
153,MISSOURI,2018,344.0,246.0,118.0,2973.0,5791.0,1.9478641103262697,8764.0,False,Republican,19.0,14.0,1.0,23.0,22.0,6.0,129.0,23.0,55.0,25.0,14.0,13.0,0.0,0.0
154,MISSOURI,2019,364.0,290.0,111.0,3202.0,5880.0,1.8363522798251093,9082.0,False,Republican,16.0,16.0,3.0,29.0,29.0,2.0,139.0,25.0,49.0,27.0,10.0,14.0,5.0,0.0
155,MISSOURI,2020,211.0,162.0,62.0,0.0,0.0,0.0,0.0,False,Republican,15.0,11.0,6.0,17.0,19.0,1.0,67.0,10.0,26.0,13.0,6.0,14.0,6.0,0.0
156,MONTANA,2015,39.0,33.0,7.0,873.0,1272.0,1.4570446735395188,2145.0,False,Republican,2.0,0.0,4.0,1.0,3.0,0.0,10.0,5.0,3.0,2.0,7.0,2.0,0.0,0.0
157,MONTANA,2016,54.0,48.0,13.0,930.0,841.0,0.9043010752688172,1771.0,False,Republican,3.0,3.0,1.0,6.0,4.0,1.0,18.0,1.0,3.0,5.0,4.0,4.0,1.0,0.0
158,MONTANA,2017,60.0,47.0,15.0,1104.0,869.0,0.7871376811594203,1973.0,False,Republican,1.0,3.0,2.0,3.0,3.0,2.0,19.0,1.0,11.0,8.0,4.0,2.0,1.0,0.0
159,MONTANA,2018,46.0,39.0,11.0,1565.0,765.0,0.48881789137380194,2330.0,False,Republican,4.0,1.0,1.0,2.0,2.0,0.0,15.0,2.0,5.0,4.0,2.0,7.0,1.0,0.0
160,MONTANA,2019,67.0,54.0,18.0,1257.0,532.0,0.4232299124900557,1789.0,False,Republican,2.0,5.0,2.0,8.0,5.0,1.0,20.0,8.0,7.0,4.0,1.0,4.0,0.0,0.0
161,MONTANA,2020,42.0,37.0,7.0,0.0,0.0,0.0,0.0,False,Republican,3.0,1.0,3.0,3.0,3.0,1.0,11.0,0.0,9.0,5.0,0.0,3.0,0.0,0.0
162,NEBRASKA,2015,155.0,111.0,52.0,2556.0,1612.0,0.6306729264475743,4168.0,True,Republican,9.0,2.0,5.0,9.0,12.0,0.0,62.0,9.0,18.0,10.0,17.0,2.0,0.0,0.0
163,NEBRASKA,2016,170.0,140.0,44.0,2645.0,2068.0,0.7818525519848771,4713.0,True,Republican,8.0,5.0,6.0,12.0,11.0,1.0,56.0,13.0,19.0,22.0,3.0,9.0,4.0,1.0
164,NEBRASKA,2017,154.0,126.0,35.0,1878.0,2254.0,1.200212992545261,4132.0,True,Republican,16.0,5.0,4.0,10.0,7.0,1.0,49.0,10.0,15.0,22.0,3.0,10.0,2.0,0.0
165,NEBRASKA,2018,175.0,140.0,42.0,1793.0,2863.0,1.596765197992192,4656.0,True,Republican,10.0,9.0,2.0,8.0,8.0,1.0,59.0,26.0,31.0,7.0,4.0,6.0,4.0,0.0
166,NEBRASKA,2019,173.0,146.0,50.0,1596.0,2292.0,1.4360902255639099,3888.0,True,Republican,10.0,7.0,6.0,8.0,8.0,1.0,63.0,11.0,28.0,13.0,9.0,8.0,1.0,0.0
167,NEBRASKA,2020,125.0,111.0,30.0,0.0,0.0,0.0,0.0,True,Republican,11.0,4.0,4.0,6.0,12.0,3.0,42.0,4.0,20.0,9.0,2.0,7.0,1.0,0.0
168,NEVADA,2015,1.0,1.0,0.0,2216.0,5830.0,2.63086642599278,8046.0,True,Democrat,0.0,0.0,0.0,0.0,0.0,0.0,0.0,0.0,0.0,1.0,0.0,0.0,0.0,0.0
169,NEVADA,2016,1.0,1.0,0.0,2649.0,6482.0,2.4469611174027937,9131.0,True,Democrat,0.0,0.0,0.0,0.0,0.0,0.0,0.0,0.0,0.0,1.0,0.0,0.0,0.0,0.0
170,NEVADA,2017,1.0,1.0,0.0,2340.0,4867.0,2.07991452991453,7207.0,True,Democrat,0.0,0.0,0.0,0.0,0.0,0.0,0.0,0.0,0.0,0.0,0.0,0.0,1.0,0.0
171,NEVADA,2018,11.0,11.0,0.0,2949.0,4247.0,1.4401492031197016,7196.0,True,Democrat,0.0,6.0,0.0,1.0,0.0,0.0,1.0,0.0,0.0,1.0,1.0,1.0,0.0,0.0
172,NEVADA,2019,9.0,7.0,2.0,4528.0,4335.0,0.9573763250883393,8863.0,True,Democrat,1.0,3.0,0.0,0.0,0.0,0.0,3.0,0.0,0.0,1.0,0.0,1.0,0.0,0.0
173,NEVADA,2020,4.0,4.0,0.0,0.0,0.0,0.0,0.0,True,Democrat,2.0,2.0,0.0,0.0,0.0,0.0,0.0,0.0,0.0,0.0,0.0,0.0,0.0,0.0
174,NEW HAMPSHIRE,2015,53.0,38.0,20.0,751.0,564.0,0.7509986684420772,1315.0,False,Democrat,1.0,2.0,1.0,1.0,4.0,1.0,24.0,3.0,5.0,2.0,5.0,3.0,1.0,0.0
175,NEW HAMPSHIRE,2016,48.0,41.0,14.0,871.0,627.0,0.7198622273249139,1498.0,False,Democrat,3.0,0.0,2.0,3.0,4.0,0.0,19.0,0.0,4.0,5.0,5.0,2.0,1.0,0.0
176,NEW HAMPSHIRE,2017,58.0,44.0,18.0,885.0,893.0,1.0090395480225989,1778.0,False,Democrat,3.0,1.0,1.0,5.0,3.0,0.0,22.0,6.0,10.0,2.0,1.0,3.0,1.0,0.0
177,NEW HAMPSHIRE,2018,73.0,63.0,16.0,887.0,713.0,0.8038331454340474,1600.0,False,Democrat,5.0,2.0,2.0,9.0,6.0,1.0,16.0,5.0,10.0,3.0,4.0,7.0,3.0,0.0
178,NEW HAMPSHIRE,2019,70.0,55.0,18.0,609.0,684.0,1.1231527093596059,1293.0,False,Democrat,4.0,1.0,0.0,8.0,6.0,0.0,20.0,8.0,10.0,3.0,2.0,8.0,0.0,0.0
179,NEW HAMPSHIRE,2020,36.0,30.0,7.0,0.0,0.0,0.0,0.0,False,Democrat,2.0,2.0,1.0,3.0,1.0,0.0,9.0,2.0,4.0,5.0,4.0,3.0,0.0,0.0
180,NEW JERSEY,2015,274.0,248.0,40.0,6704.0,4340.0,0.6473747016706444,11044.0,False,Democrat,15.0,11.0,4.0,9.0,32.0,3.0,69.0,20.0,32.0,10.0,54.0,12.0,3.0,0.0
181,NEW JERSEY,2016,241.0,215.0,45.0,6940.0,4833.0,0.6963976945244956,11773.0,False,Democrat,13.0,14.0,6.0,8.0,21.0,1.0,74.0,20.0,30.0,11.0,21.0,17.0,5.0,0.0
182,NEW JERSEY,2017,239.0,208.0,53.0,5135.0,6475.0,1.2609542356377799,11610.0,False,Democrat,22.0,6.0,4.0,9.0,26.0,3.0,75.0,14.0,33.0,20.0,13.0,13.0,1.0,0.0
183,NEW JERSEY,2018,284.0,247.0,57.0,5490.0,6982.0,1.2717668488160292,12472.0,False,Democrat,22.0,11.0,10.0,8.0,26.0,4.0,83.0,19.0,40.0,22.0,26.0,10.0,3.0,0.0
184,NEW JERSEY,2019,286.0,257.0,62.0,5666.0,6725.0,1.1869043416872573,12391.0,False,Democrat,22.0,11.0,3.0,12.0,25.0,3.0,88.0,19.0,47.0,21.0,18.0,15.0,2.0,0.0
185,NEW JERSEY,2020,180.0,167.0,31.0,0.0,0.0,0.0,0.0,False,Democrat,12.0,10.0,4.0,5.0,14.0,1.0,57.0,14.0,30.0,16.0,7.0,8.0,2.0,0.0
186,NEW MEXICO,2015,7.0,6.0,1.0,1584.0,1401.0,0.884469696969697,2985.0,False,Democrat,0.0,1.0,0.0,0.0,0.0,1.0,1.0,0.0,0.0,0.0,3.0,0.0,1.0,0.0
187,NEW MEXICO,2016,9.0,9.0,0.0,1387.0,1128.0,0.8132660418168709,2515.0,False,Democrat,1.0,3.0,0.0,0.0,0.0,0.0,1.0,1.0,0.0,1.0,1.0,1.0,0.0,0.0
188,NEW MEXICO,2017,12.0,12.0,2.0,1282.0,1791.0,1.3970358814352575,3073.0,False,Democrat,1.0,3.0,1.0,2.0,1.0,0.0,1.0,1.0,1.0,0.0,1.0,0.0,0.0,0.0
189,NEW MEXICO,2018,7.0,7.0,0.0,1682.0,1897.0,1.1278240190249702,3579.0,False,Democrat,0.0,1.0,1.0,1.0,1.0,0.0,0.0,1.0,0.0,0.0,1.0,1.0,0.0,0.0
190,NEW MEXICO,2019,13.0,13.0,1.0,1603.0,1299.0,0.8103555832813475,2902.0,False,Democrat,1.0,4.0,0.0,1.0,0.0,2.0,2.0,1.0,0.0,1.0,1.0,0.0,0.0,0.0
191,NEW MEXICO,2020,5.0,4.0,1.0,0.0,0.0,0.0,0.0,False,Democrat,0.0,0.0,0.0,0.0,1.0,0.0,1.0,0.0,0.0,1.0,1.0,1.0,0.0,0.0
192,NEW YORK,2015,495.0,437.0,109.0,21448.0,24596.0,1.1467735919433046,46044.0,False,Democrat,27.0,16.0,25.0,20.0,30.0,1.0,148.0,34.0,66.0,31.0,72.0,21.0,4.0,0.0
193,NEW YORK,2016,490.0,414.0,124.0,20434.0,30901.0,1.5122345111089361,51335.0,False,Democrat,33.0,11.0,22.0,25.0,37.0,5.0,163.0,27.0,67.0,35.0,24.0,32.0,9.0,0.0
194,NEW YORK,2017,538.0,453.0,138.0,20392.0,27879.0,1.3671537857983522,48271.0,False,Democrat,31.0,16.0,19.0,21.0,43.0,8.0,166.0,28.0,76.0,45.0,49.0,32.0,4.0,0.0
195,NEW YORK,2018,579.0,487.0,133.0,21217.0,31481.0,1.4837630202196352,52698.0,False,Democrat,24.0,30.0,13.0,40.0,48.0,3.0,173.0,50.0,76.0,52.0,28.0,36.0,6.0,0.0
196,NEW YORK,2019,560.0,474.0,125.0,24048.0,32058.0,1.3330838323353293,56106.0,False,Democrat,33.0,17.0,28.0,32.0,30.0,10.0,165.0,49.0,83.0,45.0,23.0,39.0,6.0,0.0
197,NEW YORK,2020,341.0,285.0,82.0,0.0,0.0,0.0,0.0,False,Democrat,13.0,10.0,11.0,13.0,19.0,4.0,108.0,21.0,56.0,41.0,20.0,23.0,2.0,0.0
198,NORTH CAROLINA,2015,16.0,14.0,3.0,5717.0,5218.0,0.9127164596816513,10935.0,True,Republican,0.0,1.0,1.0,0.0,0.0,0.0,6.0,3.0,3.0,0.0,2.0,0.0,0.0,0.0
199,NORTH CAROLINA,2016,11.0,9.0,3.0,6823.0,7751.0,1.1360105525428696,14574.0,True,Republican,1.0,1.0,3.0,1.0,0.0,0.0,3.0,0.0,0.0,1.0,0.0,1.0,0.0,0.0
200,NORTH CAROLINA,2017,12.0,12.0,1.0,6610.0,9617.0,1.4549167927382753,16227.0,True,Republican,1.0,0.0,0.0,1.0,0.0,0.0,3.0,2.0,1.0,3.0,0.0,1.0,0.0,0.0
201,NORTH CAROLINA,2018,16.0,16.0,1.0,7677.0,10159.0,1.3233033737136903,17836.0,True,Republican,1.0,2.0,1.0,1.0,0.0,0.0,3.0,2.0,1.0,4.0,1.0,0.0,0.0,0.0
202,NORTH CAROLINA,2019,17.0,16.0,3.0,9369.0,9897.0,1.0563560678834454,19266.0,True,Republican,1.0,1.0,0.0,1.0,2.0,0.0,5.0,2.0,1.0,2.0,0.0,1.0,1.0,0.0
203,NORTH CAROLINA,2020,9.0,8.0,2.0,0.0,0.0,0.0,0.0,True,Republican,0.0,1.0,0.0,0.0,2.0,0.0,3.0,1.0,0.0,2.0,0.0,0.0,0.0,0.0
204,NORTH DAKOTA,2015,129.0,96.0,37.0,3185.0,2028.0,0.636734693877551,5213.0,True,Republican,4.0,8.0,8.0,1.0,6.0,2.0,37.0,7.0,17.0,8.0,25.0,6.0,0.0,0.0
205,NORTH DAKOTA,2016,80.0,64.0,19.0,2914.0,2880.0,0.9883321894303363,5794.0,True,Republican,10.0,8.0,3.0,3.0,6.0,1.0,22.0,2.0,8.0,7.0,5.0,5.0,0.0,0.0
206,NORTH DAKOTA,2017,110.0,77.0,35.0,2515.0,1668.0,0.663220675944334,4183.0,True,Republican,6.0,8.0,1.0,3.0,5.0,3.0,43.0,2.0,16.0,10.0,3.0,10.0,0.0,0.0
207,NORTH DAKOTA,2018,106.0,82.0,32.0,1421.0,1220.0,0.8585503166783955,2641.0,True,Republican,5.0,4.0,4.0,4.0,13.0,1.0,34.0,4.0,10.0,15.0,4.0,7.0,1.0,0.0
208,NORTH DAKOTA,2019,108.0,82.0,33.0,1620.0,1546.0,0.9543209876543209,3166.0,True,Republican,11.0,1.0,1.0,6.0,6.0,2.0,40.0,7.0,10.0,15.0,5.0,4.0,0.0,0.0
209,NORTH DAKOTA,2020,39.0,35.0,8.0,0.0,0.0,0.0,0.0,True,Republican,4.0,4.0,1.0,3.0,2.0,0.0,9.0,3.0,4.0,4.0,2.0,3.0,0.0,0.0
210,OHIO,2015,730.0,518.0,269.0,8804.0,7446.0,0.8457519309404816,16250.0,False,Republican,44.0,22.0,17.0,27.0,53.0,7.0,304.0,39.0,73.0,46.0,74.0,16.0,7.0,1.0
211,OHIO,2016,817.0,575.0,284.0,9430.0,8550.0,0.9066808059384942,17980.0,False,Republican,56.0,33.0,16.0,48.0,63.0,11.0,317.0,57.0,92.0,61.0,24.0,35.0,4.0,0.0
212,OHIO,2017,801.0,546.0,293.0,8515.0,8698.0,1.021491485613623,17213.0,False,Republican,57.0,30.0,25.0,35.0,53.0,12.0,333.0,54.0,81.0,61.0,21.0,32.0,7.0,0.0
213,OHIO,2018,861.0,608.0,299.0,9044.0,9686.0,1.070986289252543,18730.0,False,Republican,55.0,28.0,14.0,44.0,53.0,11.0,342.0,59.0,106.0,59.0,29.0,53.0,8.0,0.0
214,OHIO,2019,846.0,638.0,266.0,9705.0,9490.0,0.9778464708912932,19195.0,False,Republican,46.0,29.0,20.0,59.0,62.0,8.0,307.0,69.0,108.0,69.0,21.0,43.0,5.0,0.0
215,OHIO,2020,517.0,382.0,166.0,0.0,0.0,0.0,0.0,False,Republican,35.0,14.0,17.0,35.0,35.0,4.0,183.0,20.0,71.0,47.0,15.0,31.0,10.0,0.0
216,OKLAHOMA,2015,218.0,158.0,73.0,5622.0,4676.0,0.831732479544646,10298.0,True,Republican,12.0,10.0,8.0,10.0,11.0,1.0,75.0,15.0,31.0,21.0,12.0,10.0,2.0,0.0
217,OKLAHOMA,2016,204.0,154.0,56.0,5376.0,4035.0,0.7505580357142857,9411.0,True,Republican,13.0,23.0,4.0,12.0,14.0,0.0,67.0,9.0,23.0,17.0,7.0,12.0,2.0,1.0
218,OKLAHOMA,2017,223.0,179.0,61.0,4226.0,3872.0,0.9162328442972077,8098.0,True,Republican,14.0,15.0,3.0,9.0,22.0,4.0,75.0,11.0,27.0,17.0,10.0,13.0,3.0,0.0
219,OKLAHOMA,2018,257.0,206.0,68.0,3701.0,3848.0,1.0397189948662524,7549.0,True,Republican,12.0,12.0,6.0,14.0,16.0,4.0,79.0,14.0,41.0,29.0,7.0,22.0,0.0,1.0
220,OKLAHOMA,2019,216.0,164.0,66.0,4090.0,3780.0,0.9242053789731052,7870.0,True,Republican,7.0,16.0,4.0,13.0,8.0,3.0,80.0,15.0,26.0,18.0,9.0,14.0,3.0,0.0
221,OKLAHOMA,2020,118.0,88.0,34.0,0.0,0.0,0.0,0.0,True,Republican,4.0,5.0,4.0,9.0,5.0,2.0,38.0,9.0,16.0,13.0,3.0,8.0,2.0,0.0
222,OREGON,2015,11.0,11.0,0.0,2429.0,3375.0,1.3894606834088101,5804.0,False,Democrat,0.0,0.0,0.0,2.0,0.0,0.0,1.0,1.0,4.0,1.0,0.0,2.0,0.0,0.0
223,OREGON,2016,10.0,10.0,0.0,2793.0,3498.0,1.2524167561761548,6291.0,False,Democrat,1.0,3.0,1.0,0.0,1.0,0.0,0.0,1.0,3.0,0.0,0.0,0.0,0.0,0.0
224,OREGON,2017,13.0,10.0,5.0,3882.0,3858.0,0.9938176197836167,7740.0,False,Democrat,2.0,1.0,1.0,0.0,0.0,0.0,5.0,0.0,1.0,2.0,0.0,1.0,0.0,0.0
225,OREGON,2018,5.0,5.0,1.0,4591.0,4387.0,0.9555652363319538,8978.0,False,Democrat,0.0,0.0,0.0,2.0,0.0,0.0,1.0,0.0,0.0,2.0,0.0,0.0,0.0,0.0
226,OREGON,2019,8.0,8.0,0.0,4643.0,4929.0,1.0615981046737024,9572.0,False,Democrat,0.0,1.0,0.0,1.0,0.0,0.0,0.0,1.0,0.0,3.0,1.0,1.0,0.0,0.0
227,OREGON,2020,9.0,9.0,1.0,0.0,0.0,0.0,0.0,False,Democrat,0.0,0.0,1.0,1.0,0.0,0.0,1.0,1.0,2.0,0.0,0.0,3.0,0.0,0.0
228,PENNSYLVANIA,2015,799.0,624.0,226.0,9280.0,7640.0,0.8232758620689655,16920.0,False,Democrat,58.0,22.0,19.0,35.0,59.0,2.0,282.0,48.0,101.0,40.0,81.0,48.0,4.0,0.0
229,PENNSYLVANIA,2016,797.0,661.0,186.0,8406.0,7138.0,0.8491553652153224,15544.0,False,Democrat,66.0,31.0,22.0,43.0,77.0,9.0,250.0,55.0,99.0,63.0,31.0,44.0,7.0,0.0
230,PENNSYLVANIA,2017,847.0,661.0,257.0,7470.0,8245.0,1.1037483266398929,15715.0,False,Democrat,53.0,30.0,21.0,47.0,69.0,8.0,309.0,64.0,101.0,63.0,37.0,40.0,5.0,0.0
231,PENNSYLVANIA,2018,923.0,748.0,217.0,8141.0,12638.0,1.5523891413831226,20779.0,False,Democrat,65.0,43.0,31.0,65.0,72.0,9.0,269.0,64.0,115.0,73.0,46.0,63.0,8.0,0.0
232,PENNSYLVANIA,2019,791.0,626.0,209.0,9596.0,12591.0,1.3121092121717381,22187.0,False,Democrat,34.0,27.0,29.0,66.0,69.0,9.0,254.0,73.0,86.0,62.0,34.0,43.0,5.0,0.0
233,PENNSYLVANIA,2020,565.0,462.0,132.0,0.0,0.0,0.0,0.0,False,Democrat,34.0,21.0,18.0,46.0,48.0,4.0,161.0,41.0,82.0,38.0,23.0,37.0,11.0,1.0
234,RHODE ISLAND,2015,34.0,26.0,10.0,573.0,500.0,0.8726003490401396,1073.0,False,Democrat,1.0,3.0,3.0,2.0,3.0,0.0,12.0,2.0,3.0,3.0,1.0,1.0,0.0,0.0
235,RHODE ISLAND,2016,34.0,27.0,7.0,648.0,530.0,0.8179012345679012,1178.0,False,Democrat,4.0,4.0,4.0,4.0,2.0,0.0,9.0,4.0,0.0,2.0,0.0,1.0,0.0,0.0
236,RHODE ISLAND,2017,38.0,34.0,9.0,553.0,874.0,1.5804701627486437,1427.0,False,Democrat,6.0,2.0,0.0,1.0,3.0,1.0,10.0,3.0,4.0,6.0,0.0,2.0,0.0,0.0
237,RHODE ISLAND,2018,46.0,36.0,15.0,721.0,1187.0,1.6463245492371705,1908.0,False,Democrat,5.0,6.0,0.0,1.0,2.0,0.0,17.0,5.0,4.0,4.0,0.0,2.0,0.0,0.0
238,RHODE ISLAND,2019,36.0,31.0,8.0,815.0,1554.0,1.9067484662576688,2369.0,False,Democrat,2.0,2.0,1.0,5.0,2.0,1.0,11.0,2.0,8.0,0.0,0.0,2.0,0.0,0.0
239,RHODE ISLAND,2020,30.0,23.0,9.0,0.0,0.0,0.0,0.0,False,Democrat,2.0,1.0,3.0,1.0,3.0,0.0,10.0,0.0,3.0,1.0,4.0,1.0,1.0,0.0
240,SOUTH CAROLINA,2015,11.0,10.0,3.0,2853.0,3420.0,1.1987381703470033,6273.0,True,Republican,0.0,1.0,0.0,0.0,2.0,0.0,3.0,1.0,0.0,1.0,2.0,0.0,1.0,0.0
241,SOUTH CAROLINA,2016,4.0,3.0,2.0,4559.0,5141.0,1.127659574468085,9700.0,True,Republican,0.0,0.0,0.0,0.0,0.0,0.0,2.0,1.0,0.0,0.0,1.0,0.0,0.0,0.0
242,SOUTH CAROLINA,2017,14.0,11.0,3.0,4989.0,5639.0,1.130286630587292,10628.0,True,Republican,0.0,2.0,0.0,0.0,0.0,0.0,5.0,1.0,3.0,2.0,1.0,0.0,0.0,0.0
243,SOUTH CAROLINA,2018,10.0,8.0,2.0,5231.0,6464.0,1.2357101892563562,11695.0,True,Republican,0.0,3.0,0.0,1.0,0.0,0.0,2.0,1.0,3.0,0.0,0.0,0.0,0.0,0.0
244,SOUTH CAROLINA,2019,10.0,9.0,2.0,4541.0,5467.0,1.2039198414446157,10008.0,True,Republican,1.0,1.0,0.0,0.0,0.0,0.0,2.0,0.0,3.0,1.0,0.0,2.0,0.0,0.0
245,SOUTH CAROLINA,2020,6.0,5.0,1.0,0.0,0.0,0.0,0.0,True,Republican,0.0,1.0,0.0,1.0,0.0,1.0,1.0,1.0,0.0,0.0,1.0,0.0,0.0,0.0
246,SOUTH DAKOTA,2015,56.0,51.0,12.0,1259.0,646.0,0.5131056393963463,1905.0,True,Republican,3.0,3.0,2.0,0.0,5.0,0.0,20.0,6.0,6.0,3.0,7.0,1.0,0.0,0.0
247,SOUTH DAKOTA,2016,70.0,63.0,15.0,1495.0,959.0,0.6414715719063545,2454.0,True,Republican,4.0,5.0,3.0,6.0,9.0,1.0,20.0,2.0,9.0,7.0,1.0,2.0,1.0,0.0
248,SOUTH DAKOTA,2017,79.0,70.0,23.0,1223.0,1602.0,1.3098937040065413,2825.0,True,Republican,4.0,2.0,0.0,3.0,7.0,1.0,26.0,6.0,9.0,7.0,3.0,8.0,3.0,0.0
249,SOUTH DAKOTA,2018,69.0,58.0,14.0,920.0,2304.0,2.5043478260869567,3224.0,True,Republican,3.0,5.0,1.0,6.0,6.0,2.0,19.0,6.0,8.0,7.0,3.0,3.0,0.0,0.0
250,SOUTH DAKOTA,2019,80.0,72.0,13.0,1498.0,1226.0,0.8184245660881175,2724.0,True,Republican,7.0,3.0,2.0,2.0,3.0,3.0,17.0,7.0,15.0,9.0,1.0,8.0,3.0,0.0
251,SOUTH DAKOTA,2020,48.0,41.0,10.0,0.0,0.0,0.0,0.0,True,Republican,1.0,1.0,2.0,5.0,1.0,0.0,16.0,6.0,10.0,3.0,3.0,0.0,0.0,0.0
252,TENNESSEE,2015,21.0,19.0,2.0,3326.0,5271.0,1.584786530366807,8597.0,True,Republican,0.0,0.0,0.0,2.0,5.0,0.0,7.0,0.0,2.0,4.0,0.0,1.0,0.0,0.0
253,TENNESSEE,2016,16.0,13.0,4.0,3367.0,5037.0,1.495990495990496,8404.0,True,Republican,0.0,6.0,0.0,0.0,2.0,0.0,5.0,0.0,1.0,1.0,0.0,1.0,0.0,0.0
254,TENNESSEE,2017,6.0,5.0,1.0,3565.0,6090.0,1.7082748948106592,9655.0,True,Republican,1.0,0.0,0.0,0.0,2.0,0.0,0.0,2.0,1.0,0.0,0.0,0.0,0.0,0.0
255,TENNESSEE,2018,11.0,12.0,0.0,3673.0,6912.0,1.8818404573917777,10585.0,True,Republican,0.0,2.0,1.0,1.0,0.0,0.0,0.0,0.0,5.0,2.0,0.0,0.0,0.0,0.0
256,TENNESSEE,2019,9.0,9.0,0.0,5272.0,7205.0,1.3666540212443095,12477.0,True,Republican,1.0,1.0,0.0,1.0,2.0,1.0,0.0,1.0,1.0,0.0,1.0,0.0,0.0,0.0
257,TENNESSEE,2020,2.0,2.0,0.0,0.0,0.0,0.0,0.0,True,Republican,0.0,0.0,0.0,0.0,0.0,0.0,0.0,1.0,1.0,0.0,0.0,0.0,0.0,0.0
258,TEXAS,2015,1672.0,1372.0,402.0,26951.0,46334.0,1.7191940929835627,73285.0,True,Republican,98.0,92.0,41.0,71.0,120.0,17.0,575.0,101.0,185.0,125.0,182.0,52.0,13.0,0.0
259,TEXAS,2016,1558.0,1310.0,367.0,28084.0,52075.0,1.8542586526135878,80159.0,True,Republican,96.0,139.0,41.0,52.0,103.0,16.0,525.0,122.0,191.0,145.0,52.0,58.0,18.0,0.0
260,TEXAS,2017,1751.0,1430.0,465.0,31623.0,45980.0,1.4540049963634063,77603.0,True,Republican,112.0,108.0,35.0,78.0,125.0,10.0,671.0,140.0,184.0,127.0,50.0,86.0,24.0,1.0
261,TEXAS,2018,1883.0,1569.0,460.0,33705.0,41387.0,1.2279187064233794,75092.0,True,Republican,145.0,131.0,45.0,84.0,137.0,19.0,646.0,109.0,243.0,151.0,63.0,92.0,18.0,0.0
262,TEXAS,2019,1922.0,1600.0,448.0,36535.0,45352.0,1.2413302312850691,81887.0,True,Republican,111.0,133.0,36.0,85.0,166.0,18.0,610.0,133.0,245.0,190.0,58.0,113.0,24.0,0.0
263,TEXAS,2020,1107.0,905.0,307.0,0.0,0.0,0.0,0.0,True,Republican,71.0,55.0,29.0,49.0,88.0,8.0,413.0,74.0,121.0,103.0,28.0,53.0,15.0,0.0
264,UTAH,2015,6.0,6.0,1.0,3647.0,1847.0,0.5064436523169729,5494.0,True,Republican,1.0,1.0,0.0,0.0,1.0,0.0,2.0,0.0,1.0,0.0,0.0,0.0,0.0,0.0
265,UTAH,2016,10.0,9.0,1.0,2977.0,2027.0,0.6808867987907289,5004.0,True,Republican,0.0,2.0,1.0,0.0,0.0,1.0,1.0,1.0,1.0,1.0,1.0,1.0,0.0,0.0
266,UTAH,2017,10.0,7.0,4.0,3371.0,2482.0,0.7362800355977455,5853.0,True,Republican,0.0,0.0,0.0,0.0,1.0,0.0,4.0,1.0,2.0,1.0,1.0,0.0,0.0,0.0
267,UTAH,2019,8.0,6.0,2.0,4335.0,2120.0,0.48904267589388695,6455.0,True,Republican,2.0,0.0,0.0,0.0,0.0,0.0,2.0,0.0,3.0,0.0,0.0,1.0,0.0,0.0
268,UTAH,2020,5.0,5.0,1.0,0.0,0.0,0.0,0.0,True,Republican,0.0,0.0,0.0,0.0,0.0,0.0,1.0,2.0,0.0,1.0,0.0,1.0,0.0,0.0
269,VERMONT,2015,1.0,1.0,0.0,279.0,440.0,1.5770609318996416,719.0,False,Democrat,0.0,0.0,0.0,0.0,0.0,0.0,0.0,0.0,1.0,0.0,0.0,0.0,0.0,0.0
270,VERMONT,2016,1.0,1.0,0.0,253.0,542.0,2.142292490118577,795.0,False,Democrat,0.0,0.0,0.0,0.0,0.0,0.0,0.0,0.0,1.0,0.0,0.0,0.0,0.0,0.0
271,VERMONT,2017,1.0,1.0,0.0,519.0,605.0,1.165703275529865,1124.0,False,Democrat,0.0,0.0,0.0,0.0,0.0,0.0,0.0,0.0,0.0,0.0,1.0,0.0,0.0,0.0
272,VIRGINIA,2015,49.0,44.0,9.0,6321.0,4023.0,0.6364499288087327,10344.0,False,Democrat,2.0,6.0,0.0,0.0,5.0,0.0,15.0,1.0,9.0,3.0,6.0,2.0,0.0,0.0
273,VIRGINIA,2016,47.0,35.0,14.0,5959.0,5386.0,0.9038429266655479,11345.0,False,Democrat,2.0,4.0,0.0,2.0,3.0,0.0,15.0,3.0,11.0,2.0,2.0,2.0,1.0,0.0
274,VIRGINIA,2017,28.0,23.0,7.0,6118.0,6838.0,1.117685518143184,12956.0,False,Democrat,1.0,1.0,0.0,0.0,3.0,0.0,7.0,2.0,8.0,4.0,0.0,1.0,1.0,0.0
275,VIRGINIA,2018,29.0,23.0,8.0,7339.0,7256.0,0.9886905572966345,14595.0,False,Democrat,2.0,3.0,1.0,1.0,1.0,0.0,10.0,4.0,4.0,2.0,0.0,1.0,0.0,0.0
276,VIRGINIA,2019,31.0,27.0,8.0,7711.0,8230.0,1.0673064453378291,15941.0,False,Democrat,0.0,4.0,0.0,1.0,2.0,1.0,10.0,3.0,4.0,3.0,1.0,2.0,0.0,0.0
277,VIRGINIA,2020,22.0,15.0,7.0,0.0,0.0,0.0,0.0,False,Democrat,2.0,2.0,0.0,1.0,1.0,0.0,9.0,1.0,1.0,3.0,1.0,0.0,1.0,0.0
278,WASHINGTON,2015,13.0,11.0,2.0,7828.0,6824.0,0.8717424629535002,14652.0,False,Democrat,1.0,0.0,0.0,2.0,2.0,0.0,2.0,0.0,2.0,0.0,1.0,2.0,1.0,0.0
279,WASHINGTON,2016,24.0,23.0,2.0,9688.0,7069.0,0.7296655656482246,16757.0,False,Democrat,3.0,1.0,0.0,4.0,3.0,0.0,2.0,2.0,3.0,2.0,3.0,1.0,0.0,0.0
280,WASHINGTON,2017,15.0,11.0,5.0,11013.0,7744.0,0.7031689821120494,18757.0,False,Democrat,0.0,0.0,0.0,3.0,1.0,0.0,5.0,2.0,3.0,0.0,0.0,1.0,0.0,0.0
281,WASHINGTON,2018,11.0,9.0,2.0,10728.0,8229.0,0.7670581655480985,18957.0,False,Democrat,0.0,0.0,0.0,0.0,1.0,0.0,4.0,1.0,3.0,1.0,1.0,0.0,0.0,0.0
282,WASHINGTON,2019,14.0,12.0,3.0,12011.0,6643.0,0.553076346682208,18654.0,False,Democrat,1.0,1.0,0.0,1.0,2.0,1.0,3.0,1.0,0.0,1.0,0.0,3.0,0.0,0.0
283,WASHINGTON,2020,13.0,11.0,3.0,0.0,0.0,0.0,0.0,False,Democrat,2.0,1.0,0.0,1.0,0.0,0.0,4.0,0.0,1.0,0.0,0.0,3.0,1.0,0.0
284,WEST VIRGINIA,2015,97.0,76.0,21.0,1448.0,494.0,0.3411602209944751,1942.0,False,Republican,5.0,7.0,5.0,7.0,6.0,2.0,30.0,9.0,10.0,11.0,3.0,2.0,0.0,0.0
285,WEST VIRGINIA,2016,102.0,85.0,21.0,1340.0,321.0,0.23955223880597015,1661.0,False,Republican,6.0,7.0,7.0,5.0,8.0,1.0,31.0,6.0,6.0,12.0,4.0,9.0,0.0,0.0
286,WEST VIRGINIA,2017,89.0,66.0,29.0,1504.0,286.0,0.1901595744680851,1790.0,False,Republican,9.0,6.0,5.0,0.0,6.0,1.0,28.0,5.0,14.0,7.0,2.0,6.0,0.0,0.0
287,WEST VIRGINIA,2018,115.0,94.0,27.0,1134.0,498.0,0.43915343915343913,1632.0,False,Republican,12.0,5.0,3.0,3.0,11.0,0.0,36.0,4.0,11.0,16.0,3.0,11.0,0.0,0.0
288,WEST VIRGINIA,2019,115.0,91.0,30.0,1617.0,654.0,0.4044526901669759,2271.0,False,Republican,4.0,6.0,3.0,3.0,11.0,0.0,37.0,9.0,16.0,14.0,2.0,10.0,0.0,0.0
289,WEST VIRGINIA,2020,65.0,52.0,17.0,0.0,0.0,0.0,0.0,False,Republican,3.0,3.0,0.0,3.0,5.0,2.0,21.0,5.0,9.0,9.0,1.0,4.0,0.0,0.0
290,WISCONSIN,2015,403.0,269.0,160.0,4809.0,3852.0,0.8009981285090455,8661.0,True,Democrat,18.0,9.0,9.0,16.0,24.0,4.0,191.0,17.0,44.0,27.0,25.0,17.0,2.0,0.0
291,WISCONSIN,2016,438.0,306.0,165.0,5620.0,3739.0,0.6653024911032028,9359.0,True,Democrat,24.0,17.0,11.0,21.0,32.0,4.0,198.0,30.0,38.0,36.0,8.0,19.0,0.0,0.0
292,WISCONSIN,2017,467.0,337.0,167.0,5762.0,4174.0,0.7244012495661228,9936.0,True,Democrat,26.0,19.0,8.0,17.0,27.0,5.0,212.0,29.0,46.0,40.0,12.0,21.0,5.0,0.0
293,WISCONSIN,2018,465.0,328.0,165.0,5143.0,5476.0,1.064748201438849,10619.0,True,Democrat,29.0,20.0,10.0,21.0,27.0,6.0,201.0,30.0,47.0,30.0,15.0,25.0,3.0,1.0
294,WISCONSIN,2019,410.0,282.0,145.0,5728.0,7032.0,1.2276536312849162,12760.0,True,Democrat,19.0,10.0,8.0,15.0,29.0,4.0,174.0,21.0,54.0,34.0,11.0,26.0,5.0,0.0
295,WISCONSIN,2020,280.0,205.0,91.0,0.0,0.0,0.0,0.0,True,Democrat,13.0,7.0,4.0,18.0,23.0,2.0,111.0,26.0,29.0,28.0,6.0,12.0,1.0,0.0
296,WYOMING,2015,2.0,1.0,1.0,1590.0,946.0,0.5949685534591195,2536.0,True,Republican,0.0,0.0,0.0,0.0,0.0,0.0,2.0,0.0,0.0,0.0,0.0,0.0,0.0,0.0
297,WYOMING,2016,5.0,5.0,0.0,1472.0,585.0,0.39741847826086957,2057.0,True,Republican,1.0,1.0,0.0,0.0,0.0,0.0,0.0,1.0,0.0,1.0,1.0,0.0,0.0,0.0
298,WYOMING,2017,3.0,3.0,0.0,971.0,474.0,0.4881565396498455,1445.0,True,Republican,1.0,0.0,0.0,0.0,0.0,0.0,0.0,0.0,1.0,0.0,0.0,1.0,0.0,0.0
299,WYOMING,2018,2.0,2.0,0.0,876.0,351.0,0.4006849315068493,1227.0,True,Republican,0.0,0.0,0.0,0.0,0.0,0.0,0.0,0.0,1.0,0.0,1.0,0.0,0.0,0.0
300,WYOMING,2019,2.0,1.0,1.0,771.0,298.0,0.3865110246433204,1069.0,True,Republican,0.0,0.0,0.0,1.0,0.0,0.0,1.0,0.0,0.0,0.0,0.0,0.0,0.0,0.0
301,WYOMING,2020,3.0,3.0,0.0,0.0,0.0,0.0,0.0,True,Republican,1.0,1.0,0.0,0.0,1.0,0.0,0.0,0.0,0.0,0.0,0.0,0.0,0.0,0.0
302,UTAH,2018,0.0,0.0,0.0,3789.0,2081.0,0.5492214304565849,5870.0,True,Republican,0.0,0.0,0.0,0.0,0.0,0.0,0.0,0.0,0.0,0.0,0.0,0.0,0.0,0.0
303,VERMONT,2018,0.0,0.0,0.0,615.0,447.0,0.7268292682926829,1062.0,False,Democrat,0.0,0.0,0.0,0.0,0.0,0.0,0.0,0.0,0.0,0.0,0.0,0.0,0.0,0.0
304,VERMONT,2019,0.0,0.0,0.0,214.0,363.0,1.6962616822429906,577.0,False,Democrat,0.0,0.0,0.0,0.0,0.0,0.0,0.0,0.0,0.0,0.0,0.0,0.0,0.0,0.0
